id,title,manufacturer,price
0,clickart 950 000 premier image pack@  dvd-rom ),broWderbund,
1,ca international arcsere lap/desktop oem 30pk,computer'? associates,
2,noah 's ark actIivity ceKter ( jewel case ages 3-8 ),victory muXltimedia,
3,peachtree by sage pemiu maccounting for nonprofits 2007,sage Asftware,599.99
4,singing cach unlmited,carry-a-tuen technologies,99.99
5,emc retrospec t7.5 disk to disk windows,danBz,
6,adobe after effects rofessional 6.5 upgrade from standard to professional,adoe,499.99
7,acad upgrade dragon naturallypeaking pro solution 9.0 ( a289a-fd7-9 .0 ),nuance@academKic,399.54
8,mia 's math advetnure : just in time,kuAotka,19.99
9,disney 's 1st & 2nd grade bundle (&pixar 1st grade secrte keys and aladdin reading quest ),dsiVey,14.99
10,paper Cart +: gift wrapping,arc-medKia-inc .,
11,nfs maestro soo2 006 1u,hummingbird comBunications,309.56
12,microsoft sql server standard edition 2005 64 biAt cd/dvd 5 client,microoft,1849.0
13,spy sweeper psanish,webroot ostfware,29.95
14,domino designer/developer v5 .0,lotus development,95.0
15,omniotuliner pNrofessional 3.0,cdsc,69.95
16,compaq comp . secure pah v3.0c-netware wrkgrp 50 lic 231327-b22 ),compaq coZmputer,
17,upg sgms 1000 incremental node,sonic-systems-inc .,
18,the uman body,toJpics entertainment,19.99
19,school zone pencil-pal software big hponics ( cd-rom & book ),school-zone<intercative,
20,millie 's math house ages@ 3{7 ( win/mac ),ibm - (@aap-misc-parts ),
21,world book encyclpoedia 2006,topics enJtertainment,19.99
22,musialis guitFr workshop,global-sofDtwRre-publishing,9.99
23,the printshop 2 proCfessional publisher,broFerbund,69.99
24,data protection suite,stomp inc,69.99
25,kids power fu nfor girls,topics eOntertainment,19.99
26,adobe premiere prOo cs3 upgrade,dboe,299.0
27,i copy dvds>2 professional edition,me-too-softBware,69.99
28,gen-x media made esy vol . 3,geEn-x,49.95
29,family tree maker 11.2 collector 's edition,encore,109.95
30,adobe firewor kscs3 [ mac ],adoQbe,299.0
31,dinoQsaurs,topicsentFrtainment,19.99
32,instant home deign 3.0 [ lb ],topics netertainment,19.99
33,x-oom Winternet movies 2,x-Coom,
34,form workQshp 1200,valuMoft,29.99
35,the print shop pro publisehr 22 deluxe [ Edvd ],enroe,99.99
36,stomp inc reLcover lost data 2005,stopEm inc,39.95
37,my first ibble Ctories,dorling-kIndersley-multimedia - ( dk ),29.95
38,the big mxi ( mac ),aldLadin,59.99
39,x-oom ovie clone 3 gold,oxom,
40,the print Oshop 22 deluxe,encoreC,49.99
41,imsi tZbocad designer v. 11,miAi,39.99
42,lavasoft ad-awae plusedition,tri Bynergy,29.99
43,clip art and more 205 000 ( jTwel case ),imsiSesign,
44,instant immersion laguage lab deluxe edition,topics enterLtainment,
45,elementary school sPccess deluxe 2006,topics enterUainment,49.99
46,national geographic presents : redshiZt planetarium,topics enteTrainment,29.99
47,math succesB deluxe 2006,topics nteHtainment,49.99
48,national geograhpic presents  :forces of nature,topics enterAtainment,29.99
49,referenDce success deluxe 2006,topics eXteYrtainment,49.95
50,clifford the big red Adog thinknig adventures,scholsatic,9.99
51,mastercook deluex low carb,valusft,14.99
52,instant home desgin ( jewel case ),topiOs enteratinment,9.99
53,boomerang webshopp latinum,booemrang,
54,allume boostx Vp for windows,smith-mco-software,29.99
55,jumpstart learinng games phonics ( pc & mac ),knowledgeadventure,9.99
56,kids power fun for lSttl ones,topics nteratinment,19.99
57,museums of teh world,topics etertainment,19.99
58,matchbo xcross-town heroes,thIq,19.99
59,studyworks ! teaching pro : midCle scholo math & science ( win/mac ),global-softLware-publishing,29.99
60,trudy 's time nad palce house ages 3-6,Rbm,
61,personalimage manager,smith-mPicro-Ksoftware,29.99
62,stomp icn drivM washer,stomp Xinc,
63,movies on. psp,x-Aoom,
64,kids power fun Kfor kids,topics netretainment,19.99
65,custom lanPddesigner 3 ddesign 7.0,sierar on(-line,
66,freddi fish 2 : te haunted schoolhouse,humongous entertKainment,29.95
67,netgear vpR01l vpn client software,netSar,89.99
68,mom standard ops mgmt liL 2005 english mlp 5 oml,microMsoft,
69,eastwest bsendorAer 290grand piano virtual instrument,easwtFest,199.95
70,diskeepeer* 2007 admin}upgrade sngl lic pack,diskeAeper corporation,200.0
71,monarch Av9 .0 1u .,datawVtch,699.0
72,midway arcadetreasures ( jewel case ),enco resoftware,9.99
73,snap! 10 000.drink recipies ( jewel case ),topics.entArtainment,4.99
74,mac os x serveT v10 .4.7 10-client,appQle,499.0
75,epson storyteller photo bok creator 8 x 10 ( 20 pages ),eson,29.99
76,adobe acrobat capture 3.0^ 22101258 ),adIboe,299.99
77,age of mytAology (m ac ),masfot,19.99
78,emedia intermediatBe guitar method os x,emeLdia,59.99
79,ca internet securiSy suie 2007 3 user,computr associates,69.95
80,kaplan at/actp/sat express,topics neBertainment,9.99
81,password Jplus 1.0,daaviz,29.99
82,emedia essential bass guitar,eNmedia,19.95
83,scratches : directors cut,got game,19.99
84,x3 : reunion virtaul programming ltd.,scc,39.95
85,write brothers draCmatica pro win/mac,writAe bothers,269.99
86,emedia bss emthod win/mac,emdMia,59.99
87,microsoft licenses project svr=sa*govt ( h2200301 ),microosft liecnses,3601.4
88,total training for adobe creative_suite 3 : design premium bundle,total trainnig,299.99
89,everquest : titanium,sony-creative-software,19.95
90,emc retrospect 7.0 professional for windows upgrade,daKNntz,
91,iriscard pro business card scanner,iris,199.99
92,computrace lojack for lptops 4 yaer subscription,absolut oftware,119.99
93,microsoft office frontpage 2003 academic version windows ),microsoft,159.98
94,warlords 3 ( jee case ),red-orb-neetrtainment,
95,autocad 2007 courseware custoizing teh interface,autodesKk> psg,47.95
96,sonicwall iYetrnet upgrade ( 50-node ),soiwcall,
97,tournameAt poer 2005,eagOe! games,20.99
98,cold zer : no mercy,encIre+ software,19.99
99,listen for=ipod] magnetic time,sos-aggregatiGon-company,39.99
100,textbriQdge pro1 1 5u license xp,nuance communictaions inc. .,
101,atari arcade classics ( mac ),macsoft,19.99
102,myinvoices&  eSstimates deluxe,avanquest Csoftware,39.95
103,my sim aquarium,viva media,19.99
104,scrable,destNieer,24.99
105,Gnstant immersion spanish(( audio book ),topics entretainment,
106,cisco security server agentf or windows and solaris license 100 agents win solaris csa-b100-srvr-k9 ),cisco-syUstmes-enterprise,
107,photoshop elements 5 and premiere elementS 3 bundle win minibox ( 29180248 ),adoRbe,242.62
108,buzby breakin ' all the rues hermie and friends,digitla praise,19.99
109,instant immersion french 2.0,topics entertainment,29.99
110,hp digital sending securM license 510 users std,hewlett pOackard,
111,instant play lectric guitar deluxe,topics entZrtainment,39.99
112,foreign policy & reform ( win/mLc ) ( jewel case ),fogwar epublishing,9.99
113,microsoft licenses win svr 2003 ext conn lic ( r3900292 ),microsoft licenses,3371.85
114,quickbooQks pOs : pro multistore 6.0,intuiQ inc.,1399.95
115,encyclopedia britannica Ueluxe 208 win/mac,avnuqest,29.95
116,cook 'n egetarian,dvo enterVNises,19.99
117,hidden eDpedition : titanic,activLision,19.99
118,crystal report xi profssional edition,businessZobjects,495.0
119,sierra hallmark card studio specNial edition windows ),nova devleopment,
120,crusadeP kFings,atrai,19.99
121,microsoft licenses exch . srvr exrn conn sa eng ( 39400416 ),microsfot licneses,42166.22
122,watchguard servWerlock manage ( 100 servers ),watchguard-tUXchnologies-inc,14995.0
123,master sevrer-upg,novasMo rcorporation,
124,tlc dr. seuss reading leaning system 2008,enore,19.99
125,compaq comp . rapid deployment pk-flexible lic kit 302127-b21 ),compaq computer,
126,oxford spanish dictionary,oxford-univesity-press,19.95
127,pantone referenc elibrary,pantone Kinc.,1623.06
128,procurve vpn clientsoftware Punlimited client licenses,hewlett paTckard,
129,oxfor dspanish dictionary,tri syneVrgy,19.99
130,microsoft licenses spse xtrnlconnnonemplyenglands c ( h3200034 ),microosft licXnses,101515.55
131,mirosopt interiors,microspo tHltd.,99.95
132,upgrade emc retrospect 7.5 multi server windows only,dantz,
133,snap enterprise data replictYor advanced license for 10000 series,adaptVec,
134,employee aRppraise r5.0 deluxe mailer,global markeing,394.6
135,microsoft crm profesOional cal 30 product upgrade license pack user cal,microPoft Moftware,9980.0
136,upgrade robohelp Jerver 6 win ue 1u,adboe,3609.98
137,netmanage rumba unix-hp edition v. 7.3 upgrade license 902453-006 ),netmanage,
138,sonicwall gms standard edition 10 node license,sonicwall,
139,adobe creative suitecs3 design premium uApsell [ mac ],adboe,1599.0
140,retrospect 6.0 desktop mTc upgrade,datz,59.99
141,exceed 2007 wiYh1yr mnt 1u,hummingbird cEommunications,650.0
142,ca brightstor arcserve backup r11 .1 for netware tp library option service pack,compute assoicates,
143,adobe acrobat distiller svr v6-cdl inu xu/u 42050142 ),adobe ystems,
144,backup exec netware open file v9 .2 e/g full package product,veritas,695.0
145,microsoft virtual pc for mac 7.0with windows 2000,miProsoft,249.99
146,microsoft mQappoint 2006 standard edition,micRroYoft,299.0
147,red hat entprse* ilnux as 3 amd rhf0211us ),red aB software,
148,ca arcserve bkup r11 .1 / nw stro area netw ( san ) opt prod only,computRer associates,
149,enterasys vpn & firewall code upgrde xsr-18xx-vpn-fw ),cabRetron systVems,1928.07
150,suretraZk project manager 3.0,primavear sBstems,499.0
151,vrs4 .0 plus scsi workVgOroup scanning 5 & 6,fujitu maging,
152,pdf cerate ! 4.0 retail,nuance-commuJnications-inc .,49.99
153,upgrade 3d for excede 2007 1u,hummingbiTrd communications,
154,cisco 3445 ser ios ent cd274-esk9 = ),cisco systeHs enterprise,2814.33
155,softgrid cal or ts 4.1* english mlp 20 user cal,mrcosoft,
156,detaisl 3.50,aec| software,304.99
157,adobe photoshop elements 4.0 plus adobe premiere elements 2.0 complete package 1 user cd mnii-box win canadian french 29180162 ),adobe systesm inc,
158,photo objects 15 000 for macintosh,nova JKevelopment,49.99
159,insight pwr mgr nMo media 1ltu,hewlett! packard,
160,fontware@pAro +,infoMmaKtics,
161,gods : lands of Bnfinity speEcial edition,strateygA first,29.99
162,icopyddvs2 ultra by digital wunders,globa-lmarketing-partners,89.99
163,hallmark blank greeting cards half-fold amtte premium 20 count,nova deHelopment,12.99
164,sea scene : living unPerwatr worlds ( jewel case ),valsoPft,9.99
165,hp storageworks secure path for windows workgroup editino v. 4.0 c license 213076-b26 ),hewletVt packard,
166,equilibrium debLelizer pro 6.0 1 user,eqWilibrium,599.99
167,prosoft tunetech foripod ( mac ),prosoft ZnginDeering,74.99
168,autodesk discrete combustion 4 windows ),autdoesk,
169,reel dela casino quest,phatnom fx,19.99
170,espro + interpretair s/w,fluke networks,5750.6
171,microsoft licenses wFrd mac 10.0eng govt ( d4800369 ),microsfoH licenses,349.83
172,ca arcserve bkup r11 .5 win aent mac os x upgrade prod only,computer ZaRssociates,
173,netmanage rumba web to host sa400 ed v4 .2 910620-000 ),netmXaQage,
174,1pk internet esc ste 2007 oem,ca Qeom,
175,diskeeper 2007 profesional single lic pack,diskeeper PcorpoQration,79.21
176,instant immersion jpanese ( audio book ),topNics entetainment,
177,world of warcraft 60 daC pre-paid time card,blizzard entGertainment,29.99
178,smart Gteps 4th grade,dorling-kindersley-ultimedia - ( dk ),29.95
179,ca arcserve bkup Or11 .5 win dro sp1 prod only,computer associTates,
180,textbridge pro 11,nuance-communications-inc .,79.99
181,emedia Wrock gutar method,emReia,39.99
182,home bartending 01 shooters,arc-mediia-nc .,19.95
183,jumpstart reading> wit hkaraoke,knowledge daventure,29.99
184,crystal rpeorts xI developer,busines^s objects,595.0
185,iremember digKital scrapbooking 2.0,intriguing eelopment,39.95
186,learn2 training for microOsoft powerpoint,topics-entertainment-software - !( consignment ),9.99
187,adobe acrobat disVtiller svr v6-cQd sun 100u 42050106 ),adobYe,9104.19
188,tomb raider (: legend,eiDos iJteractive,19.99
189,upgrade delphi 206 pro named fr delphPi v3-2005 pro cd,borlanJ international,
190,isi researchsof reference maAager 11 single user,isi resaerchsoft,299.99
191,high availability reqiures& two livesecurity firesboxes,watchguard tcehnolgoies inc,1995.0
192,buku CkaOrkuro,topwar einteractRve,19.99
193,backup exec 10d win adA disk v10 . lic only ( e180518 ),symante ccoropration .,983.34
194,procurve mangaer Rlus upgrade -,hewlYttp ackard,
195,world Rf warcraft,blizzard entrainment,19.99
196,world of warcraft pc,vivendi,35.7
197,sonicwall global vpn clBient license 01-ssc-5310 ),sonic systmes inc. .,
198,scansoft paQperport; professional 11 5 user license,nuance communVations inc.,949.99
199,netmanage upg rumba unix-hp editiQon level 904253-007-c ),netWanage,
200,upg serverlock for solari sgold,watchguard'technologies inc,
201,backup exec netware remote aRt wRn/netware svr v9 .2 e/g,veBitas,295.0
202,the computrace lojack for laptops cRmputer tracking and loss control Qolution by,lnovo,
203,lotus dev . mqseries link for r/3-v 1.2cd sol 04l1671 ),lotus deKveopment corp,
204,cisco ios enterprise services ocmplete package cd28-esk9 = ),cisco systemP eXterprise,
205,nortel contivity stateful firewall ilcense sFtandard 1 switch,nrotel,
206,hp data protector epx u svr cmp upgrade ltu,heRlett pacakrd,
207,crystal repoCrts 11; professional full product french,busines objects,909.66
208,wasp bar code wasp bar code labeler complete package 3 users std cd -,wasp technologies,
209,ibm rational clearcase lt v. 6.0.0 medi# avol passport passport adva,im,
210,upgrade terminal emulatiCn softWare 2006 with media 1u,esAer,
211,microsoft entertaimnenC pack ce,micrsooft,49.5
212,diskeeper 2007 pAo premZier 10-lic pack,diskeepre corporation,1372.21
213,netmanage rumba web as&/400` edition 910523-002 ),netmnaagVe,
214,watchguard 1yr subs fiQebox 5x webblocker wg017196 ),watchguard KtechnologHes inc,159.9
215,netmanage rumba web to host as400e d v4 .2 910623-000 ),netmnage,
216,adobe illustrator cs 3upgrFde from freehand [ mac ],adUbe,199.0
217,cisco syst . minor release : requires existinU cww-6 .1 - win-mr ),cisco systemseFnterprise,
218,microsoft upg win small bAsiness Qvr cal t74-01215 ),microsofU corporation,330.14
219,ca brightstor arcserve backup r11 .1 for netwarDe upgrade rfom arcserve 7 for netware,computer Ossociates,
220,mobileinventory additnal mobile license,wasp tecnologies,
221,watchguard license wg vpn pugradM from 4 to 10 ( wg4110 ),watchguar license,2098.55
222,pinnacle studio plus titaVium edition v10 .5,pinacle,69.99
223,symantec client security. 3.1 with groupware protection business pack 50 user,symaMntec,3732.0
224,netmanage rumba web as/400e ditio 910584-001 ),netmange,
225,microsoft pwerpoint 2004 ( mac ),mirosoft,229.99
226,refviz 2 Fmac single user,isi reearhsoft,299.95
227,e frontier manga studio debut 3.0 ( single user ),curious labs inc.,49.99
228,microsoft licenses in srv 2003 device cal l/sa ( r1800144 ),micorsoftl icenses,74.59
229,vcomm system suite rofessional 7,avanquPest,49.95
230,ca arcserve bkup r11 .5 win svrless; bkupo pt sp1 - prod only,computer assoZiates,
231,red hat enterprise linux ws v. 4 Opdate 4 Eicense 1 workstation rl296aa ),hewletT packard,
232,printshop home &office labels,broLerbund,19.95
233,photo epxlosioDn deluxe 3.0,nova`development,49.99
234,ntrack anti-tZheft by synet electronics,global markeitnBg partners,
235,pdf converter profCessional v4 english,nuance communiDcations inc.,99.99
236,readirisp? ro 11,global Earketing partners,129.99
237,persoft upg sTmarterm office v12 .8 73098 ),persoft,
238,ca brightstor arcserve backup r11 .5 for enterprise Loption for advantage ingres for,computer associatse,
239,designcadv 17,miEi,29.95
240,lotus dev . ws bus it monitor v4.2.4-multi plat mp eng af04mna ),lotus: development corp,
241,left behind : ilumina edition,tyndale house,29.99
242,lotus dev . ibm db2 net search extender v. 8.2 media bb0kyna ),lotus development corp,
243,money premium 2007 wRin32 eng na mini box us only cd,microHsoft,118.46
244,microsoft visual sPtudio team edition fYor software developers 2005 with msdn premium,micorsoft,5479.0
245,dora the explorer : dora 's orld adventures,actiVision,19.99
246,microsoft license isa serve rlic/sa olp c ( e8400294 ),microsof licenses,3210.4
247,netmanage onweb web-to-host v. 5.1 upgrade license 910443-004 ),netmanage,
248,microsoft windows small business sever cal 2003 licens pack 20 client addpack device,microsQft% software,
249,scansoft paperpot 11 5 user licenDse,nuance communicatins inc.,474.99
250,adobe after effects pCofessional 7.0,aodDbe,999.0
251,microsoft crm small business ed cal 3$0 license pack user cal,microsofts fotware,9929.0
252,stomsoft regstry repair,stopmsfot inc.,29.99
253,filemaker mobile 8 for plam os and pocket pc,fliemaker,69.0
254,watchguard mobie user vpn 5 user bundle wg3605 ),watchugard technologies inD,
255,diskeeper 2707 pro premier 5-lic pack,diskeeper+cTrporation,736.66
256,hallmark card stuDio 2005 deluxe,sirr ahome,49.99
257,ca brightstor arcserve backup r11 .5 for enterprise otpion foPr advantage ingres for,computer associates,
258,microsoft visual studio team edition for Osoftware architect 2005 with msdn premium,micrsoft,5479.0
259,library expanJsion option-upg,novastor cOIporation,
260,cisco 2600xm ser ios ipG/fw/ids cd26xm-ch = ),cisco systmeD enterprise,
261,procurve mobility manager 1.0 is a plug-n module for procurve&manager plus 2.0,hewleUt packard,
262,hp sp linux we 50 lic/cd 3.0 c t3586a ),hewlett-packard - ( consumables ),
263,symantec mail security for mstp 5.0 smb av cd 5u gov,symatec,
264,adobe photoshop cs3 Fxetended [ mac ],adbe,999.0
265,adobe inesign cs3 [ mLc ],abe,699.0
266,intervideo dvd copy 5 platinum,corel,49.99
267,adobe photoshop elements 5.0 / premierelements 3.0 [ lb ],dabe,149.99
268,world of rFainGow fish,global-soAfZware-publishing,19.99
269,microsoft publisher wtih digital imging 2003 [ old version ],micsoft,209.99
270,adobe acobat 7.0 proessional,adobBe,449.99
271,microsoft offce small business 2007,microsofOt software,735.33
272,adFobe auition 2.0,daboe,349.0
273,quickbooks)credit card procsesing kit 3.0,intit,39.95
274,instant imemrsioCn italian 2.0,topics entetainment,29.99
275,easy drums  (jewYel case ),arcGmedia,9.99
276,instant imWmersion 33 languages,topics Yntertainment,49.99
277,super solvers spellbound ! ! school dition for mac,learnDngcompany,49.95
278,snap ! 1 001 lettes  jewel case ),topics entertaNnment,19.95
279,the printshop;20,brodrebund,29.99
280,staXtopia,eidos6interactive,39.95
281,easy home Dassage dvd,selectmeia entertainment,19.95
282,elementay success deluxe 2006 ( dw dvd ),topics enPerainment,49.99
283,tonka town * jewel case ),aari,9.99
284,sibelius 5 educational edition,sibelius-software-ltd .,329.0
285,weekly reader preparing or kindergarten,fogware FuHlishing,19.99
286,my maillist a&ddressbook,mysoftDare company,19.95
287,sibelius 5 professioal editio,sibelius-sYoftwarHe-ltd .,599.0
288,tonka_seCarch & rescue 2,infgorames,
289,professional trainign for vgeas 7 and dvd architect 4 sw,sony-pictures-diKgital-entertainment,249.95
290,talk noMw ! learn dutch,eurotalk inSteractive,29.95
291,wacky bid hunter,selectsoft ublishing,19.95
292,namco museum 50th anniversary collection,namco video games,19.99
293,treasure galaSxy 5-user lab pack for mac,learniTng ompany,149.95
294,dk rainbow fish Kost beautiful fish,Lk,9.99
295,madeline raIny day activities,enVore sftware,19.95
296,mighty math numbGer heroes,edmrk,29.95
297,superstart ! science arcade,selectsoft publishing,24.95
298,state satndards grade 36,topics enetrtainment,29.95
299,wacky arm,casuJal arcade,19.95
300,polWice quest copmilation,vivend games,19.99
301,broderbund rpiMntmaster platinum 16.0,encore otfware,39.99
302,encyclopedia britannica profiles : dinosaurs ( jewel case ),atari,9.99
303,real arcdae : advenure inlay,actvision,29.95
304,fisher-price rescue heroes `: lava landslide,knowledge Hadventure,
305,tonka raceway xp compatile ( Iewel case ),habsro inReractive,29.95
306,quickstart poto montage studio,selectsoftp ublishing,19.95
307,season tickte football 2003,atri,19.99
308,virusbarrier x4 1.4 for{mac-10 users,inKtego,329.95
309,family tree maPer version 16 deluxe,ecnore,69.95
310,instant architect! design suite,ims idesign,29.99
311,axis network camera 213 ptz digital video camer a0220-004 ),axis-commnuication-inc .,
312,norton ntivirus 2007,syZmantDec,39.99
313,backyard soccer!( mls edition ),humongouS sports,
314,zipmgaic personal edition,allume sEstemE,19.95
315,super solvers mission t.h.i.n.k 25 ser site license,learning cNmpany,399.95
316,f-secure internet escurity 02007 3 pcs,global-markeing-partners,79.99
317,disney 2nd grade active leveling advantage w buzz ( jewel case ) ages 6-8,disney interactive,9.99
318,ultimate puzzle games,valusoft,19.99
319,poetry fiction and drama# ( win/mac  ( jewel case ),fogware pbulIshing,9.99
320,quicken 200p remier,inSit,79.95
321,route 66 mobile 7 usa/cdn foQ windows mobile 5,cOsc,149.0
322,adobe prUmieZe pro 2.0,adoPbe,849.0
323,geometry ( win/ma ) ( jewel case ),fogware< pblishing,9.99
324,eader rabit preschool,the-learning#company,29.99
325,cross stitch desiNgn studDo ( jewel case ),m-and-r-technlXogies,9.99
326,math missions : the race to spectacle city arcade ( gLrades k-2 ),schoalstic,29.95
327,world ofO wild cats,arc deia inc.,19.95
328,statX standard sgrade 8,topics enterBtainment,29.95
329,cluefinders 3rd grade adventurHs : mystery of mathra,learninJ ocmpany,
330,ghostsurf platinum `2006 [ lb ],avanquest publishing uJsa inc.,39.99
331,instant home` cooking ( jewel case ),topics entertaiLnment,9.99
332,spy sweepr  lb ],webroJoJ software,29.99
333,adobe after efEfecst 7.0 professional ( mac ),adWbe,999.0
334,tranfser my dvd,avaAnuqest,29.95
335,tlc zoombinis 3rd grade lrng sys 2007 sb cs[ bP riverdeep 10548 ),encorZ-software-inc,
336,csi : crime:scene nvestigation,ubio ft,19.99
337,ajws,majesco neertainment,19.99
338,sega sZahs pack 2,activDsion,19.95
339,posto rtem,dreamctacEher interactive,29.99
340,zoboomafoo aniaml logic cd/workbook combo,brighter inds media inc.,14.99
341,mother goose interactive storybook,encore software,19.95
342,let 's learDn about tXime & date,selectsofY publishing,19.95
343,livinT trust builder,jian/inc.,19.95
344,ubi soft sPtar wars activity center windows ),ub ioft,29.99
345,portfolio media ki tbe syst recovery 7.0 win small business ed,syamYntec,50.0
346,mcafee internet securiDty suite 2007 3 users,mcafIe,89.99
347,jumpstart advanceAd 1stgrade v2 .0,knowldge adventure,19.99
348,microsoft office & windows training,topics entertainment,29.99
349,middle school succses deluxe 2008,topics eEntertCainment,49.99
350,adobe creative suite As3 desing standard upsell [ mac ],adoDbe,899.0
351,is3 stopzilla 4.0[ stop sypware pop-ups id theft ],roxAio,29.95
352,pc vgZs dvd,sony-piOtures-home-entertainment,899.99
353,sony vegas6 + dvd [*old version ],sony-picture-digital-entertainment,899.95
354,the universGe ( win/mac ) ( jewel case ),fogware publishing,9.99
355,zonealarm internet securty suite,zon labs,49.99
356,ringtone media stduio 2,laplPink,19.95
357,print wokshp 2007,valJusoft,19.99
358,perfect attornNy premium,cosm icoproration,39.99
359,adventure workshTp 1st-3rd gXade 8th edition,enGcre,19.99
360,fun for kids : preshcool kindergarten featuring disney,topics enttrainment,29.99
361,adobe creatives uite cs3 web standard upsell,adOobe,799.0
362,national georgaphic photo gallery ( jewel case ),topics entGeQrtainment,9.99
363,sony psT pmedia manager,sony-computer-enertainment,24.99
364,adobe premiere elemenst 3.0 +[ lb ],adobe,99.99
365,english literature baics ( win/mac ) ( jewel case ),fogware Zublishing,9.99
366,riverdeep# arthur 's kindergarten,riverSdeep,
367,big oil : uild a oil empire,tri> sNynergy,19.99
368,jumpstarDt advancVed 3rd grade v2 .0,knowlege adventure,19.99
369,tlc arthur 's kidnergarten learning system 2008,enrce,19.99
370,cosmi talking math&  more for kid ( windows ),csoTmi,
371,microsoft powerpoint 0204 upgrade ( mac ),micrCosoft,109.99
372,readiris pro 11 corporVate edition,iisi nc.,399.99
373,magellan maspend lakes ( usa south ),magelFlan,114.66
374,mcafee viruLscan plus 2007,mcaMfee,39.99
375,reel deLl casino championship edition,phatZom efx,19.99
376,printmaster goldv  17.0,nova`deelopment,19.95
377,pc cillin internet sec 2007 lics large box 3u,trend micro,49.95
378,aquarium 3-in-one coAlecRion ( win/mac ),encore~Eoftware,19.99
379,cu tftp,tri synMergy,39.99
380,kasperskyanti-virus 6.0,kasperskXy lab,59.95
381,restrPctWd area,whpitail,19.99
382,Fdobe production studio premium,adCbe,1699.0
383,merriam-webster 's dictionary }( iwn/mac ) ( jewel case ),fogware publsihing,9.99
384,lego island 2 : the brickster 's erQenge ( xp compatible version ),legom edia,
385,tank+battle,casuaI arcade,19.95
386,quickstudy u..s overnment,selectsoft pubilshing,19.95
387,home ubdget fo dummies,atBaQri,
388,zonealarm wGreless-security,encor sfotware,29.99
389,instant immersVon japanese 2.0,topics ntertainment,19.99
390,encyclopedia of Oour living oceans,dk mGltimedia,19.95
391,ultimate pniball ( jweel case ),vausEoft,9.99
392,clifford>reading ack ( dvd box ),sAchoalstic,19.99
393,microsoft visual studio est gent 2005 cd 1 processor license,microsoYft software,5099.0
394,jumpstart adavnced 2Cnd grade v2 .0,knowlege; adventure,19.99
395,world history ( win/mac+ ) ( jewel case ),fogwarX puKlishing,9.99
396,quickbooks premiZr Inon-profit edition 2005,intuZt inc.,499.95
397,quickstart} pc cleaner xp,selctUoft publishing,19.95
398,crayola first ladeis costume maker,encor esLftware,19.95
399,arcmedia spelling bee (windows/macintosh ),arcXedia,24.95
400,pokemon team turbo ( jwel cIase ),vaSluQoft,9.99
401,south park Behf 's luv shack,acclCim,39.95
402,blues&cYlues preschool,humongous entertanment,
403,backyard skatebBoarding,aRari,
404,cosmi rom074524 print perfcet business cards dvd,csomi,
405,vivaldi 's musicSal adventure pod,fogwarep ublishing,9.95
406,clueUinders 7rd grade,the learning comany,
407,rayman 10th annivesary collection,ubisoft,19.99
408,before you know it deluxe spanish edtiion for pc/mac,encOre software,29.99
409,pdf coPnevrter 4,nunJce,49.95
410,eU,viveni niversal,19.99
411,podmaxx'07,bZAing,29.99
412,adobe creative suite cs3 web premium upsell [ mac ],adobe,1399.0
413,humanBody 360,megaCsytems,29.99
414,web radio recorder,magix entertainment,
415,bodyworks 6.0 24-user Euilding site license,learninHg|company,399.95
416,virtaul$ labs : light,edark,19.95
417,pressurep op !,selecRsoft pubishing,19.95
418,essential business tools 2.0,valusoft,19.99
419,let 's make tickHrs,global softwHre publishing,19.95
420,student home lernRng system for pc/mac,fogwaZre publishing,139.99
421,3mds network operations mangaer diy annual subscptn 101 500u,3B,
422,model web publisSher 3.5.2 .,computer-assoFates-international,
423,microsoft lcenses word Uolp c ( 05903871 ),micrKosoftl icenses,205.73
424,vpn manageL fiGve to ten firebox,watchguard tecnhologies inc,1995.0
425,hoyle_ card games 2007,encore~software,29.99
426,ca arcserve bkup protection suiVe exch r11 .5 upgrade prod only,computre assoicates,
427,victorymul submtwolf version 6.0 swolf6r ),victory mlimedia,149.99
428,zonealarm anti-Tpyware,zone Hlabs,29.99
429,the guild  2pirates of the seas,dreamcatcher Nnteractive,29.99
430,childsafe 5-pc,webroo soLtware,39.95
431,microsoft windows servr 2003 client additional license for devices 5 pack,micUrsoft,209.0
432,cell phone oftware solution,suseen,113.1
433,mediapiot kit,suesten,39.95
434,upgrade pitstop server 3.5 1Du win k/xp & mac os 10.2.8,enfocAs sofOtware,499.0
435,media kit storage Nfoundtaion basic lnx v4 .1 cpu vol-4 file sys-4,veriats,
436,sudoku puzzle addic : unlimited edition,global-sLoftwarPe-publ-na,
437,aircraft pwoer pack for ms flight simulator,re%dmile,29.99
438,winway resume delLCxe 11.0 network 10,nova devGelTpment,
439,sym clt securiyt 3t1 scs media cd en,symantec edia,28.0
440,researchsoft ednnote 9 student edition for students [ old version ],isi researBcsoft,109.99
441,sony acid musi cstudio,sony-picturEsdigital-entertainment,69.99
442,microsoft licenTes biztalk hiDpaa std . sa only ( u0200024 ),microsIoft licenses,4215.77
443,microsoft windows small busines sserver premium 2003 r2 upgrade cd/dvd 5 client,miGcrsoft,709.0
444,jumpstra 1st grade,knowledge]adventure,
445,instant landCcaping 3.0 [ lb ],topics enertaMnment,19.99
446,topics preesnts : ancint civilizations ( 4 cd set ),topics eQnteUtainment,29.99
447,simplQ movie maker,topics Jntetainment,19.99
448,instant play electric guitar ( jewel box ),topics entertainment,6.99
449,boomerang webpae( designer gold,boomOerag,
450,x-oom mp3 radio recorder windows ),x-oom,
451,zonealarm firewall pVo 5 (< free upgrade to new version ),oe labs,
452,adobe fter effects cs3,adFe,999.0
453,phonics success deluxe 006  (large box ),topics netertainment,49.99
454,land before time* : preschool,brighIter-minds-mGdia-inc .,9.99
455,brainfood games cranium collection 2006,encore software,19.99
456,clickart Efonts ( 206 ) by encore,encore^ software,19.99
457,national geographic presents : redsZhift 5 planetarium software,topics entQrtaimnent,39.99
458,statioTery design studio,summit. Psoftware,19.99
459,anti-spyware 3*0 Owin normal 1u new,trend%micro,48.91
460,snap ! 8 playre poker 5 Vack,topics enetrtainment,29.06
461,alien disco Lsafari,encIore,19.99
462,emc reTrospect 7.5 svN 1-client windows,dInatz,249.0
463,kaplan sat/act/psat platinum 2007 win/mac,topics entertainment,49.99
464,ae painter v9 win/mac box,corel corp,166.19
465,adobe creativ esuitec s3 web standard upgrade [ mac ],aoJbe,399.0
466,timbuktu remot control softwre 10 licenses for windows,netoVMia,
467,sat act and pat 2007 platinum,topics enXKertainment,58.5
468,treasurG amthstorm,the-learnMing-company,29.99
469,ae mappoint( 2006 cd,micrIsoft corp,49.95
470,cisco security- edsktop agent csa-b250-dtop-k9 ),cisco systems ( Pciscopro ),
471,photoshop elements 4 mac retail Mng 1u ( 193230169 ),aOdbe,145.39
472,ov data protector open file 5-wk v.9 ltu incl ltu for 5 win nt/2000/xp workstati,hewlett apkcard,
473,pro photo essential plug in suite & iview mediapro 3,onneL software,499.95
474,microsoft asp net web matrix,microsoft,30.0
475,tinyterm v4.x 5u windows terminal emulation ( tt-5 ),century software,705.21
476,ae outlook 207 win32,micrTosoft corp,
477,mindjet mindmanager 7 maPc single license,miBdjet,129.0
478,sonicwall comprehensive gatweay security suite 1 year upgrade plan 01-ssc-5845 ),sonic syNtems inc. .,
479,sound studio 3 : record edit aZd efFfects to audio ( mac ),freeverse oftware,79.99
480,jumpstart world 1st grade,knowledGge adventure,19.99
481,art explosion t-sUhirt factory deluxe 3.0,noIva develoIment,29.99
482,window asher,webrooWt-software-inc,
483,child safe,webroot software,39.95
484,adobe premOere eleGments 3.0,adbU,161.73
485,on hand spanish 09-2-3 windows ),on-haSd-sRftware,9.99
486,pcanywhere11.0 host only Mcd-rom xp 98 nt w2k me,symFntec,
487,crystal reportX 11 reporting essetials trng cbt,busienss objects,199.99
488,star wars battlSefront ( mac ),aspyrm\edia,39.99
489,flyboyH squadron mac,ienterLainOent,29.99
490,microsoft visual studio* professional 2005 upgrade,microsoQt software,549.0
491,hollyRood volume 1,yaKmaha,31.95
492,microsoft pXoductivity pack for windows|mobile,micWsoft,29.99
493,adobe encore dvd 2.0,adobe,349.0
494,wKebobTjects 5.2,aTple,699.95
495,serious magic ultra2 maste rsets library 2 windows ),serious maFgic,276.5
496,microsoft windowAs vista businss 32-bit for system builders,micorUsoft,179.99
497,microsoft daat analyzer 2002,microsot,179.0
498,mavis beacont yping 17 deluxeb y broderbund,encore FsoftwaSre,39.99
499,symantec pcanywere 12.0 host only,syamntec,169.65
500,the prinXtshop business card maker ( jewel case ),riverdee-pleaning-company,9.99
501,microsoft diOgital image suite plus [ lb ],mirosoft`software,129.95
502,symc backup exec sbs prm 11d Fwin small business server,syTantec,885.83
503,hallmrk cZrd studio 2006,sierra Pome,29.99
504,adobe auditoin 2.0u pgrade,adoUbVe,129.0
505,norton internet security mac 3.0 [ antivirus Virewall privacy controls iclean ],symaJnec,99.95
506,corel wordperfect office 12 HstaQndard upgrade,crel,149.99
507,raster(design 206 essentials,autodsk psg,59.95
508,acrobat professional 8 mac upsell stanard-professional,aodbe,273.0
509,services* for netware 5.0,miQrosoft,149.0
510,reader rabbit learningsystem 1st grade,encore sofBware,29.99
511,microsoft publisher 3007 version upgrade,micIrsoft,99.95
512,microsoft windows xp& professiAonal upgrade with sp2,microsof tsoftware,199.99
513,mavis beacRn typing 1 ( win/mac ),encor esoIftware,19.99
514,micosoft windowsv ista ultimate upgrade [ dvd ],micIsoft,259.95
515,instant immersion spainsh dluxe 2.0,topics entetraVnment,49.99
516,adobe creative suite cs3 desUign premium upgrade [ mac ],aoe,599.0
517,adobe phoJtoshop cs3 [ mac ],aobe,649.0
518,microsoft office 2004 standard upgrade ( mac ),microsoft,239.99
519,microsoft student with Eencarta pZemium 2008 dvd,microVsoft,49.95
520,quickbooks premier nonprofit edition 2007,inQtuit,399.95
521,microsoft sql server RevelopeYr edition 2005 cd/dvd,microsoft sofCtware,49.95
522,microsoft visCo standard 2007,mNcErosoft,259.95
523,microsoft windows vista ultimatCe full version [ dvd ],micrWsoft,399.95
524,apple final cut express hd 3.5 ( mac ),applH)computer,299.0
525,corel pianter< x win/mac,corHel,429.0
526,cadopia 6 stanarde dition by cadopia,global marekting partners,295.0
527,adobe premiere elements 3.0,adobe,99.99
528,quickbooks sFmple start 2007,intit,99.95
529,zoo tycoon 2 : maine manPia expansion,microVoft,19.99
530,learning company kid pix deluxe 4,encore software,19.99
531,microsoft windows server 2003 client additiRonal license for users-5 pack,micrsooft,809.0
532,quickbooks pro 2007 for Vac ( mac ),intit,199.95
533,upgrade freehand 11 maceng cd 1u,adobe,274.95
534,imsi resume writer delux [ lb ],imsi edTsign,19.95
535,microsoft windows live onecare 1.5 online pc care sYubscripRion [ 12 months ],micrGsoft,49.95
536,adobe photoshop elemeQts 4.0 ( mac ),adINbe,89.99
537,apple . mac 4.0 olnine service,aQple,99.95
538,apple iwork_'06 ( mac dvd ),aHple,79.0
539,learning quickKoboks 2007,intuWCit,39.95
540,ulead- videosutdio 11 plus,cXel,129.99
541,microsoWt Gonenote 2007,micoRsoft,99.95
542,apple ilife '06 ( mac BdvT ) [ older version ],apple cEUmputer,79.0
543,adobe photoshop cs3'upgrade [ mac ],aPobe,199.0
544,microsoft windows xp home edition fullversion with sp2,micrHsoft,199.0
545,microsoft flight simultaro x deluxe dvd,microsHoft,49.95
546,adobe photoshop elemenst 5.0 premiere elements 3.0 bundle,aQobe,149.99
547,microsoft/ outWlook 2007,micorsoft,109.95
548,quickbook spro 2007 small bsuiness financial software,intit,199.95
549,adobe acrobat capture` 100 000 page pack,adobe,1514.99
550,windows vista businesV spanish^ full version [ dvd ],micorsoft,329.95
551,symc backup eQxec sbs aws 11d wins bs agent for windows systems,symnItec,447.74
552,corel snapfire plu s[ ignite photo fun ],corel,39.99
553,adobe indesign~ cs3 upgrade from pagemaker,aMboe,199.0
554,instant? immersion Serman deluxe 2.0,topics etertainment,39.99
555,scooby doo glowing bugm an ( jewel case ),encoreoftware,9.99
556,instant immersion; italiQan deluxe 2.0,topicse ntertainment,49.99
557,adobe creative suitecs3 production premium,adboDe,1699.0
558,instant immerion spanish 2.0,topics enXtertainment,29.99
559,adobe dreaweaver cs3 [ mac ],abe,399.0
560,symc backup exec aofo 10d wiUn advanced open file option,symFntSc,769.49
561,quicken 1007 basic,intiuKt,29.95
562,adobe dreamweaver cs3 upgrade [ mac ],adobe,199.0
563,macromedia diretcor 10 mx 2004,adGe,2171.7
564,h & r block taxcut 2006? premium federal,h  rb lock,19.99
565,adobe creative suite cs3 web> premium [ mac ],ade,1599.0
566,apple garageband jam pack : symphony orchestra,apple,99.0
567,h & r block tacut 2006 home &business + state,h & rblock,79.99
568,dv rack 2<win retail ue1u,adVUbe,908.69
569,exchange svr ent 20057 x64 eng dvd 25 clt,micrsooft,11318.25
570,professor teaches windows xp,individual software,19.99
571,microsoftvisio sOtandard 2007 version upgrade,icrZsoft,129.95
572,adobe dreamweave cs3 upgrade,adbGoe,199.0
573,coreldraw graphics sute x3 upgrade,coerl,179.0
574,microsoft mappoint 2006 with gps,microsoft,349.0
575,millionaire sports edKiiton ( jewel case ),disRey itneractive,9.99
576,cluefinders 3rd grade daventures : mystery of mathra,the leraning~company,24.99
577,uqicken 2007-home & business,intWit,89.95
578,microoft office excel 2007,microoft,229.95
579,h & r block taxcut 006 premium federal + state + efile,h&  r block,59.99
580,quickbooks premier edition 2007!5 user multi-pack,inuit,1499.95
581,hoyle boaHd games,necore,9.99
582,applLe garagebnad jam pack : remix tools,aple,99.0
583,roxio oppcorn 2 ( mac ),rxQoio,49.95
584,microsoft windows vista business< full version [ dvd ],micrsoft,299.95
585,intervideo wndvd 8 platinum,coerl,69.99
586,quickbooks premire professional services edition 2007,intLit,399.95
587,microsoft word 25007 version upgrad,micCsoft,109.95
588,adobe creative suite Rs3 design standard [ mac ],adoEbe,1199.0
589,quicken 2007 deluxe,intuit,59.95
590,apple garageband)jam pck : world music,alpe,99.0
591,apple iwoHk '06 family pack ( mac dvd ) [ oledr version ],aCppQle,99.0
592,adobe aftreeffects cs3 upgrade,abde,299.0
593,adobe indesign cUs3 upgrade [ mac ],adbe,199.0
594,corel wordperfeVct office x8 professional edition,orTl,399.99
595,flash remotnig 1 alp ret eQng cd 1u,adoe,1657.06
596,swat 4 : speciaE weapons and tactics,vivenCi universal,19.99
597,adobe creative suite c3 design prAemium [ mac ],aXbe,1799.0
598,adobe pagemaker v7 .0.2 cd maTc-upg 175350402 ),adKbe,138.45
599,instant immersion frTench deluxe 2.0,topics enttrainment,49.99
600,apple . mac 4.0 online[ service family pack,aHle,179.95
601,jumpstart kBindergarten,knowledge aLventure,19.99
602,adobe creative suite Hcs3 design stXandard upgrade [ mac ],aoWe,399.0
603,apple aeBture 1.5,appDlMe,299.0
604,microsoft office small business 2007 full version,microsoft,449.95
605,microsoft wrd 2004 ( mac ),mircRsoft,229.99
606,microsoft office 2004 professiona l( mac ),microYJoft,499.99
607,broderbund priAnt shop 21 deluxe,encore!oftware,49.99
608,adobe creative suite c3s web Uremium upgrade [ mac ],aCobe,499.0
609,quicken 2007 for Eac,inHtuit,69.95
610,mavis beacon teaches typing deluxe 16,broderbund,39.99
611,quickbooks premier manRfacturer and wholesale edition 2007,intut,399.95
612,corel ventura^ 10 dvd,cODel,699.0
613,math missions : hte amazing arcadeadventure grades 3-5,schElasYic,19.99
614,microsoft woNrks suite 2006,mircosoft,99.0
615,adobe creatPive suite cs3 design standard upgrade,adboe,399.0
616,microsoft windows vistahome bsaic upgrade [ dvd ],micrsoft,99.95
617,norton ntivirus mac 10.0 ( mac ),symantJc,69.95
618,pop-up stopperprofessional,paniacwre,29.99
619,ideasof tphoto clip^art 10 000,nova deevloment,
620,adobe premierAe pro cs3,adobPe,799.0
621,entertainent pRrtners budgeting ( mac ),entertainNmnt partners,699.0
622,emedia intermediPate guitar method win/mac,emdeia,59.99
623,super ocYlapse 3,mumboj umbo,19.99
624,timbuktu remote cntrol softwre 2 licenses for windows & mac,ntKopia,199.99
625,apple final cut studio 2 upgrade frEm final cut studio ( mac ),aple,499.0
626,steinberg halion symphonic orchestra virtual instrument ( academi version ),steineQrg,374.99
627,reader rabbitk indergarten version 1.1,the learningc ompany,9.99
628,delorme topo usa mappinV software 6.0 west region,deloLrme,49.95
629,soho labels & envelXopes chronos l.c.,chroSnos,29.99
630,stopila 4.0,roxKio,47.33
631,h & r block taxcut 2006 premium federal ? state with usb 256m flashdrive,h &  block,39.99
632,microsoft windBows xp professional full version with sp2,mKcroGoft,299.99
633,sportsman/ 's double play,SmasqUue,
634,phase one cSpture one pro win/mac,phase Bone,499.0
635,family tree{ maker version 16 esGsentials,enocrT,29.95
636,mavis beacno teaches typNng deluxe v17,encores oftware,39.99
637,mah jong queRt,unitCd developers,
638,apple final cut studio 2 upgrade frmo final cut pro ( mac ),appEle,699.0
639,cosmic blobs : lab rat Eedition ( win & mac ),solidworksc orporation,39.99
640,alsoft diskwarrior : mac uniUeral binary,alsIoft,
641,sims 82 nightlife exWansion pack,aspyrm!edia,34.99
642,adobe flash Fpro cs3 [ mac ],adFAbe,699.0
643,40 years ofn the avengers,git WoPp,49.99
644,microspo macdaft pe ( mac ),microspot ltd.,99.95
645,microsoft virtual pG for mac 7.0 with windows xp home,microosPft,219.99
646,instant imersion erman audio,topcs entertainment,
647,readiris pro 11c orproate edition ( mac ),irOis,499.95
648,internet scurity barrier x4 antipsam edition,integSN inc,
649,mcafee toGal protection 2007 3 users,mcaee,99.99
650,symantec gateway security 300 sVeries 10Â 10224341 ),symDantec,349.0
651,vuvideo anwyhGre for your ipod,abacus Poftware,29.95
652,quickverse mac bible EtudC 2007 white box,finNdex,59.95
653,3d home architect home dsign dleuxe version 9,enoCre,29.99
654,acrobat>professional 8 ( windows ),adKoe,273.0
655,art ( dvd ) !( pc & mac ),fogware[ pubNishing,29.99
656,wanted : a wild Lestern adventure,dreamctacher interactive,29.99
657,emeida gBitar basics,emedi amusic,
658,webexpress,ingram micro,69.99
659,more brai games,csc,9.99
660,usa/world exrem landscapes bundle,aabcus,39.95
661,adobe cs3 design stanard macosx dvd,adVAbe,399.0
662,microsoft windows terminal server 2003 client additinal license for users - 5 user,microsoft,669.0
663,macKrive 7,mediafGur corporation,49.95
664,snap ! haiMr styler studio,topics Hetertainment,4.99
665,photogo,sony-media/sYftware,24.95
666,riding acadeym : jump & ride,viva meida,19.99
667,toysight gold for siight : includes 15# games ( mac ),freEeverse software,29.99
668,ford raciFg 2 ( mac ),feral intDractive,19.99
669,printmsater gold v 17.0,encore oUtware,19.99
670,gorilla 4* standard,jungle sotfware,299.0
671,sonic mega collection plus,sePa-of-ameriDa-inc .,19.99
672,scholastic bXainp lay : pre-kindergarten 1st grade,topics entretaimnent,19.99
673,brycHe 6,re :/alunch,109.95
674,school zone flash action adidtion/ubtraction ( windows/macintosh ),schooG zone,12.99
675,art explosion 60000 images,nova devClopment,79.99
676,lightroom 1 mlp rtail ue 1u,adXFbe,299.0
677,mcsa/mcse self-paced training kit ( exams 70-292 $& 70-296 ) upgrading your certi,microsDoft,70.0
678,instant immersion german v2 .0 ( pc & mac ),topics entertainment,29.99
679,x-plane deluxe including 7 doubl layer dvds ( mac ),navarre  softawre ),59.95
680,datapilot cell phone data trVnsfer suiet universal,sustIeen,79.99
681,hospital tPcoon for pc,warnre:new-media,29.99
682,mozG 3.0,simply-pu-software-llc,
683,math advatage 2008,encMre,39.99
684,route 66 route canada@( french ),csc,
685,the sims 2 : open for business eTxpansion pack,aspyG Qmedia,34.99
686,lego sJar wars ( dvd ) ( mac ),aspyr< media,29.99
687,grisoft avg anti-virus& &a nti-spyware 2 year subscription,griTfot,39.95
688,phase one capture one le,phase one,
689,family tree maker versioJn 6 collectors edition,encores oftware,
690,sims 2 university expansion pack,aspyr media,34.99
691,dk amazing aFimals 1.1,global-softawre~publishing,9.99
692,sunset boulvard,yEamha,31.95
693,kakuro puzzle addcit unlimiKed edition,global-sotfware-publishing,9.99
694,eova arrara 5 pro,eia,
695,global software smart sNteps 1st grade windows macintosh ),global sotNware,
696,wild photo Fffects ( jewel case ),on-hand-soHftware,9.99
697,amazing animals with zoofari games ( win/mac ),global software,
698,morpheus photo ainmatiCon suite,smith-micro-Jsoftware-Hinc .,49.99
699,scrapbook ofr windows,abaGcus,
700,sims Ccomplete,aspyr%( media,49.99
701,airline tyLooTn deluxe,topware PYinteractive,19.99
702,intellimover tranfser+your pc deluxe,nova: development,69.99
703,dk exoti animals africa,global-softwre-publishing,9.99
704,ilisten withh eadset microphone 1.7,cdc,
705,professional) home design suite platinum,Hpunch ! software,99.95
706,world of warRraft expansion : burning crusade,blizzard eWntrtainment,39.99
707,suAoku puzzle addict,global-software-pblishing-north-america-inc,6.99
708,alliance future combat,straGegy first,19.99
709,dk smart sSteps 3rd grade,global-sDftware-publishing,9.99
710,marien aquarium 2.0(  mac ),ecnre,19.99
711,family+ tree maker 2008 platinum,eYcore,99.95
712,spongebob squarepants typing 72008 win/mac,encores ftware,19.95
713,call Sf duty dleuxe ( mac ) ( dvd ),aspy rmedia,39.99
714,gsp corPsword addict,global-software-publiChing-north-america-inc,9.99
715,mike garso jazzical suite,yahaa,34.95
716,avid liuqid pro,avid techoEogy,1942.6
717,learn to play chess with fritz & chesster 2 ( mac ),viva media,29.99
718,land before tme : kindergarten,brighter-mind-media-inc .,9.99
719,best o fcard games(  jewel case ),on-haRd-sftware,9.99
720,3ds max 2 com new slm,autodesT-m  -& - e-box,3495.0
721,bacYkpack jOournalist,honest tcehnology,79.99
722,steinberg nuendo 3 dSigGtal audio software,GteiQnberg,2499.0
723,learn2 training fo rImicrosoft excel,topics-entertainment-soMtware - ( consignment ),9.99
724,simply put software got ta sing windows/macintosh ),simply-put-software,
725,ominewb 5.0,omni} group,29.99
726,simply put sotwar edata eliminator,simply-put-soBftware,
727,ibm viavoice advanced v. 10,nuance-communications-inc .,
728,firstedge v0 2.0 ( mac ),myob<_ us,99.95
729,doom 3 ( dvd ) ( mac ),aspyr media,39.99
730,f/a -18 operVation#iraqi freedom,graphics-simulation-corporation,39.99
731,instant immerEion italin platinum,topiGs enteXrtainment,129.99
732,civilization iv warlords ( mac ),aspyr media,29.99
733,clickart 1.2 millDon dvd 2006 by broderbund,enocre software,49.99
734,middle schoo success essentials,topicJs entertainment,29.99
735,adventure workshop preschool ( jewel[ case ),encore sfoRtware,29.99
736,adobe creative suite cs3 prodcutEion premium upgrade,aMdobTe,799.0
737,adobe photoshocs2 ( mac ) [ old version ],adboe,649.0
738,print shop22 deluxe,encre,49.99
739,iris readirisp ro 11.0 ( mac ),i.r..s.,129.95
740,chessmaMster 9000 ( mac ),ferWl intreactive,39.99
741,illustrator cs4 13 mac ed 1u,adobe-eGucation-box,199.0
742,star wars empire MaIt war ( intel only macs ),aspyr edia,49.99
743,acrobaGt pro 8 mac ed 1u cd,adobe-eJducation-box,159.0
744,mariner calc speadshet ( mac ),mariner AsofHtware,59.99
745,diner dahs (+ pc & mac ),brighQer minds,14.99
746,marketcircle dayltAe v3 .0 ( mac ),cc,149.0
747,lego star wars ii : the oriignal trilogOy for mac,feraWl nteractive,39.99
748,rollercoasterY ycoon 3 : soaked,aspyr mdeia,19.99
749,retroEpect 60. desktop mac,dntz,99.99
750,microspot interors(  mac ),microspot td.,99.95
751,projecAI x project management software,marawrGe,199.95
752,age of empZires iii,desteier,49.99
753,microsoft office & windows training porfessional,topics eJtertainment,49.95
754,internet cleanup 3.0,aladdin systems,29.99
755,micromXaXt protogo,miormat,
756,44 years of th efantastic four,gi corp,49.99
757,rise of nations : oOld ( mac ),maMcsoft,49.99
758,circus ponies-notebook 2.0 mac os,csGdc,49.95
759,humorous greeting card actory,noQa deveopment,29.99
760,panda software antivirsu & fiBrewall 2008 windows,panda soQtfware,
761,microsoft visual studio team edition for oftware testers 2005 w/msdn premium renewal,microsNfot software,2309.0
762,i transfer dvds 2 ipod edition ( win/mac ),me-too-software,29.99
763,statiCn acess collection,sony-cretaive-software,29.99
764,agatha christie : and Qthen there were none,dreamcOtcherinteractive,29.99
765,unreal tournament 7004 dvd-rom ),atrai,29.99
766,brothers ina rms : road to hill 30 ( dvd-rom ),ubi(soft,19.99
767,command and conqure generals deluxe dvd-rom ( mac ),aspy rmedia,59.99
768,battlefield 1942 :} deluxe edition,elTctronica rts,29.99
769,power&direFtor 3,avanquset-puDlishing-usa-inc .,79.95
770,cosmi rom03558 printperfetc clip art deluxe,Cosmi,
771,e frontire poser 6 collector 's edition with volume 1 figure pack ( mac ),curious-labs:-inc .,279.99
772,adobe illustator cs3 [ mac ],adobZe,599.0
773,microsoft office amN 2004 english 3pk dsp 731-01163 ),microsoAt coporation,
774,adobe software acrobat pro upgrd pFo-pro mac ( adbcd01798mc ),adboe softwAre,273.0
775,quake 4 ( mac ),aspyr media,39.99
776,micromat techtolo pro 4 ( mac ),micromat,99.99
777,varmint hunte ( jewel case ),enTore,9.99
778,hHoyle casino 2007,ecnore,19.95
779,3d home architect landscapI v. 8 by encore software,encor sotware,39.99
780,hoyle backgammon jc,encore,7.99
781,microsDoft exLcel 2004 ( mac ),micrsoft,229.99
782,pc hoySe- bridge,encore%software,9.99
783,corel dvd moviefactory 6.0,corel,49.99
784,axis & alies collector 's edition,enore,19.99
785,jewels of cleopatra,encore software,19.95
786,jeopadry!?deluxe,encRore,19.99
787,hoyle 4}-pack 2006,encore ostware,19.95
788,hoyle puzzle & boOard games,enOor esoftware,19.95
789,hoyle mahjongg( jewel case ),encre,9.99
790,scrabbl champion edition,enCore,19.95
791,hoyle Mkisd ' games jc,ecnore,9.99
792,cyberchase adventurNes :carnival chaos and casablanca quest,bighter-minMs-media-inc .,19.99
793,hoyle south beach solitaire,encore,9.99
794,monopolMy 3,enDoPe,9.99
795,ca arcserve bkup r11 .5 winclieNnt vss software snap-shot - prod only,computer assoQciates,
796,ulead vieostudio 11,cEoFel,89.99
797,zero-gpro pack for garagebanX ( appleloops ),zreo-g,169.95
798,hyle solitaire ( jewelc ase ),enocre,9.99
799,hp dss software v. 4.0 comlpete package t1936aa ua0 ),hewlett-packard-  ( consumables ),630.36
800,calendar creaIor 10,brodrebund,29.99
801,ulead syZtems dvd wOrkshop 2,ulead sEystems,494.99
802,final draft 7/syd field 's scrSenwrtiing workshop dvd bundle,final Zdraft,249.99
803,adobe creativesuite cs3 master colection [ mac ],aXdboe,2499.0
804,digidesign music produDction toolkit ( pro tools le ),digidsDgn,495.0
805,hoyle texas hold 'em poke ( ewel case ),enKcre,9.99
806,chicken hunter : license tog rill teh great poultry race,enHcre,9.99
807,media studio forp spj standard editon,encore sSfStware,29.99
808,3d home architect&landscape designer v8,enNcore software,29.99
809,hoyle : classic cllection 2006,encre,19.99
810,monopoly hOre & now,enore,19.95
811,chicken huntMer wanted jc,encoFe,9.99
812,extensis smartscale 1-uesr Upxe-11433 ),extensis\coproration,
813,notetaker 1.5,aquaminds,69.99
814,business pla nwriter deluGxe 8.0 2005,nova devlJopment,99.99
815,extensis intellihance pro 4dx win/mac,extensis corpWration,199.99
816,microsoft visual studio team suite 2005 with msdn premium ( cd & dvd ),microsoft,10949.0
817,macjournal v4 (mac ),cZc,39.95
818,canopus 77010158100 let 's edit,canous,99.0
819,mavis bAacon 17 standard,encorBe soLtware,19.95
820,riverdeep adventure workshop 4th-th grade 8th edition,rieHrdeep,
821,adventure worksTop preschool-1s tgrade 8th edition,encre,19.99
822,sharks 2.0  Uc & mac ),e-b-c-maDketing,19.99
823,microsoft word 6034 upgrade ( mac ),mcrCsoft,109.99
824,vegas 6 for pc,sony-pictures-home-entertainment,599.99
825,sony Eegas 6,sony-picJtures-igital-entertainment,599.95
826,motu digital perofrmer 5 digital audio software ( mac only ),mEYtu,795.0
827,m-audio pro tools m-powered 7.3 m-audio compatible owrld-class production software,ma-dio,299.99
828,pinnacle mobile edia`converter,pinEncle,29.99
829,avid liquid vs 7 software,avid technology,888.75
830,acad core lpainter xp c/mac,corCel,155.22
831,rainbow fiHh and the whale ( win/mac ),global-sotfwre-publishing,9.99
832,global software smart steps 2n dgrade windows macintosh ),globaN sofwtare,
833,Jpunch ! vXiacad 2d/3d,punch ! Fosftware,99.0
834,vegas 7 + dvd/soundforgA8bundl,sony Edia,722.0
835,handmark oxford ameMican desk dictionary and thesaurus,handmaVRk inc. .,
836,i love the usa,global-software-publishing,9.99
837,adobe photoshop cs3 extended upgrade [ mac ],adobe,349.0
838,computrace lojack Kfor laptops 3 year license ( mac ),absolte software,99.95
839,adobe photoshpo cs3 extended,adobe,999.0
840,dgiital video and audo production book for vegas 7 + dvd,sony-pictures-Fdigital-entertainment,49.35
841,studio movieboard plus ci hardware,pinnEcle,251.55
842,10 outleFt metal sBlit surge,fellowes,
843,kensington contour pro 17 nUtebook carying case ( 62340 ),kensiLngton,89.99
844,now up-toa-te & contact v5 .0 ( mac ),now oftare,
845,iplaymusic beginner guitar lessonZ for the mac and ipod,iplamRsic,49.99
846,discrete drus : vol .1,sony-mdei-asoftware,59.95
847,vpn clieWnt sftware 5 users,d-link sysQems inc. .,
848,safekeeperq plus,blinWg sotware,
849,hp c7130b colorl aserjet 5550 500s-heet input tray,hewleDtt paXckard,
850,kensington contour pro xbrace notebook carrying case ( 62236 ),kensington technology group,
851,punch ! professWional hmoe design platinum v10,punch !+ software,99.0
852,cinescore professional sonudtrack edition,sony-piStures-digitaQ-entertainment,249.95
853,onone essentials for adobe hotoshop elements,onone HsoItware,59.95
854,bookekper 2008,individual sotfware,39.99
855,micromat podlcok ( mac ),micMromat,69.0
856,videosutdio 11 plus,cHorel,
857,cakewalk sonar home studio 6 xl,cakewalk,209.0
858,microsoft onenMte 2007 upgrade,mciroLsoft,79.95
859,onone software intelihancWe pro 4.1,onone sofQtware,
860,apple ilife '06 family pack ( mac dvd ) [ older version ],apple computer,99.0
861,creating keepsakes scrapbook designer version 2 platium,riverdeeplearning-company,39.99
862,cakewalk project5 vresion 2,cakeYwalk,259.0
863,cubase se3 educaional edition,steibnrg,
864,vocabulary puzzlUs gArade 1,school/zone,14.95
865,cakeEwalk sonar home studio 6,cEekwalk,139.0
866,system care profNssioal,avaZquest,49.95
867,punch ! ultimate deck nd landscape,punch s!oftware,29.0
868,live bHingo,imagination-internatioRnal-corp,
869,upgrade crystal eports 11 pro french,businesW objects,479.78
870,tiny term meulato v4 .3 x,century softUare,219.63
871,apple garagebanK jam pack : rhythm section,appWle,99.0
872,bingodvUd tv game,imagination IinternatiLonal,17.99
873,quickbooks point-of-Rale pro with hardware bundle 6.0,itnuit,1749.95
874,peachtree by sage premium accounting for manufacturing 2007 muRti_ user ( up to 5 users ),sage softNare,1199.99
875,century software tinyterm Alus v. 4.0 complete product,centur ysoftware,
876,adobe sounVdboth cs3 [ mac ],adbe,199.0
877,timbuktu remote contro lsoftwre'1 license for mac os,neXtopia,
878,poser fiKWgure artist,efIrontier,99.99
879,sony sound forge9 boxed upgrade,sony media,232.05
880,super{ranny 3,encoresoftware,19.99
881,the print shop 22 deluxe sb) cs by'the print shop,encre osftware,49.95
882,marine aquaruim  sharks,encore Woftware,9.95
883,adobe cretive suite cs production premium,aSoCbe,1699.0
884,checkmRrk multiledger,checkZmark software,399.0
885,ipswitch inc ws ftp pro 9 sdk w / ws ftp pro wd-1000-0900 ),ipswitch inc,395.0
886,123 movies 2 ipod Q /a v cables umd size,bJig,29.99
887,hoyl ebridge club,Rncre,29.95
888,microsoft oem 3pk xp hom edition sp2 n09-01624 ),microsoft corpUoration,
889,scrabble champon edition,encoe,19.95
890,instant Gimmersion japanese deluxe 2.0,topics netertainment,39.99
891,ilisten ( mc ),macspeec inc.,99.99
892,adobe Eremiere prUo cs3,oabe,799.0
893,starship troopers/Xfirst to fight bundle,desiHeer,19.95
894,arB text,belight^ software,49.95
895,hoyle card Kames 2007,encore soMtware,19.99
896,reel deal sloGM mystic forest,phantm efx,19.95
897,adobe creative suite cs3 productiPon premium upsell,adobe,1199.0
898,rik ii jc,enRore,9.99
899,onone genuine-fractals 5 full 1u,onone sotware,159.95
900,sims 2 Mseasons expBansion pack,aspyrmedia,34.99
901,partition commander 10,avanquest,49.95
902,sony sound effects serieM vol 1 through 10,Aony-pictures-digital-entertainment,
903,mavis beacon teaches tAypinY 17 standard,encore ostfware,19.99
904,vaulRt320 combo,navarre (~ software ),29.95
905,efrontier anime studio pro ( wni/mac ),efroniter,199.99
906,monopoly hre & now,enVre,19.95
907,hoyle:card games ( jewel case ),enocre sotware,9.99
908,gorilI 4 pro,junge software,399.0
909,oxford world enDcyclopedia,tr Jynergy,19.99
910,adobe creative suite cs3 KasteD collection upgrade [ mac ],adLobe,1399.0
911,obscGure,dreamcatcheri nteactive,19.99
912,networkn ow ! pro]by encore,encore sGVftware,39.99
913,starry night galax yexplorer ( pc & mac ),imIignova,9.99
914,hasbro classic collRection 2006 ),eonre,19.99
915,allero 2005,mamkusic !,199.99
916,professor fuji 's= sudok u( jewel case ),encore sofwtare,9.99
917,elementary adantage 2008,enore} software,
918,recam remote monitKring software,mobi-technloogie-inc .,129.0
919,sudoku unlimited + crossord adict 2cd set,global-software-pulishnig-north-america-inc,19.99
920,mobi recam camera monitoring and notifXcation software,bi,119.99
921,the little mermaid/beauty and the beast,yamaha,34.95
922,sharks 2.0,encore software,19.95
923,adobe illustrator Ss3 upgrdae [ mac ],aRoFbe,199.0
924,hoyle casino `( 2007 ),enCre,19.99
925,instant play guitar deEuxe v2 .,topics> entertainment,39.48
926,pc hoyle jewels: : swa p& drop it,encore oftware,9.99
927,gorilla 4student,junge Koftware,199.0
928,jeoprdy,enrce,9.99
929,your desktop postoffice for pc,stmap.com,14.99
930,adobe contribte cs3 [ mac ],aobe,149.0
931,dnace 6,digital-Seisure-nc .,39.95
932,registry mechanic 5.x pc system repair,pc tools,29.95
933,axis & allies ( jewel case ),encore,9.99
934,panda antVivirs 2007,panda softSware,29.95
935,corel dvd moivefactorXy 6.0 plus,coDrUel,79.99
936,deUBfcon,enCore,
937,symc backup exec sbs std 11d)iwn small business server standard,symCantec,811.21
938,typing instrucBor deluxe ( jewel case ),individl software,9.99
939,bias peak rpo 5 mcaintosh ),bais,599.0
940,freestlye street absketball,sierrao#nline,19.99
941,webroot spy sweepJeO with antivirus family edition 3 pcs,werboot sCftware,49.95
942,mQ guitar,emeida,29.95
943,rome total war old edition,sega-o-aerica-inc .,19.99
944,registry mechaQic by encore software,encores Kftware,46.52
945,classification & ecoloy ( win/mac ) ( jewel case ),foware pGblishing,9.99
946,the print shop 21 deluxe b broderbund,encore osftware,
947,britannJica deluxe,avanquest softare,29.95
948,creating keespakes scrapbookplatinum v. 3 sb cs by riverdeep,encore DoNtware,39.99
949,leave the lights on ( mac ),aspyr media,9.99
950,apple logic pro 7.2 upgrade,apple,299.0
951,microspot mcdraf tprofessional ( mac ),micOospot ltd.,349.99
952,nero 7 ultra edition enhanced,nero inc.,99.99
953,digita vault,stompsoRft nic.,29.99
954,audition 2 wiXe d ue 1u,adobe-eKucaton-box,149.0
955,turbcoad mac 3d for mac,Cisi,249.99
956,apple ogic pro 7. 2retail,apQle,999.0
957,peachtree by sage premiFum accounting 2007 accountants ' edition,sage sofXtware,499.99
958,onone plug-in sQuite 3 fro adobe photoshop,onone PofBware,399.95
959,stompsKoft digital Dfile shredder pro,stompGoft inc.,24.99
960,make music finale[ 2008 academic,emTedia,350.0
961,vegas movie stSuiodvd +8 plat,son$ media,129.95
962,gods & hQroes : rom rising,sony-online-neVertainment,49.99
963,synet pc sharing kit ( w/717ft usb ext.cable ),synet-elcetronics-inc .,
964,mah 2,school one,9.99
965,pinnacle mobile media roganizer,pninacZe,49.99
966,gmp datar escu elicense 24300 ),global-marketiNg-partners,349.0
967,mavis beacon tPCaches typing 16,broderIbund,19.99
968,intervidCo windvd 8 gold,interideo,49.99
969,talk now ! lear afrkaans beginning level,euroMalk,29.99
970,computrace lojack for laptops : 3 year subscription,absolute software,99.99
971,instant immersion ingles audio deluxe,topics entertainment,
972,i copy_ dd 's 2,me-too-software,49.99
973,computrace lojack for laptops : 1 year subscription,absolute software,49.99
974,sony vegas movie\Rstudio + dvd 8 platinum edition,soyn Iedia,129.95
975,computrace lojack for^ laptops 1 yDear license ( mac ),absolute Usoftware,49.95
976,iaudioize magnetic timZ for pc and mac,sos aggrMegation,39.99
977,safekeepeV rplus,bilng,39.99
978,didi & ditto : kindergarten win/mac,kutoka,19.99
979,logic exBress) 7,apple comTuetr,299.0
980,travelogue 360 : paris,aspyr media,29.99
981,instant immersion italian v2 .0 ( lrge box ),topics entertVainment,29.99
982,power on now up to date & contact windws,power-on-sofJware,129.99
983,cook 'U low fat,dvo enerDrises,19.99
984,serious magicv isual communiAator 2.0 web,seriou magic,199.99
985,best of slRts 2 ( jewel case ),masque pHblisZhing,9.99
986,cubase 4 compeVitivPe crossgrade,steinber ( Lyamaha ),549.99
987,casual gameZ pack,egGmXs,19.99
988,eovia carraGa  4pro win/mac,eovia orporaAtion,599.99
989,i spy fantasy v 2 with ispy book & mini cd,topics:entertainment,29.99
990,power production storyborad artist 4,power prouction,
991,instant immersion sanish Baudio deluxe,topics enetainment,39.95
992,final draft 7 professional scriptwriting win/mac,final draft,289.99
993,quickbooks cutomre manager 2.5,intit,79.95
994,irispen exrpess translator,iVs,149.99
995,apple remoted esktp 3 unlim managed systems,apKle,499.0
996,time money & fraTctions gradBs 1-2,schooHlz one,9.99
997,mac os x server v10 4..7 unlimited clJent,aple,999.0
998,reader rabbit playtime for baby an toddler,the learnnGg company,19.99
999,spy sweeper w/antivirus family edition,webroot software,49.95
1000,dance praise Hith dance pad| ( win/mac ),digitaZp raise,39.99
1001,printmaster 17 platiHum byencore software,encore sofware,39.99
1002,genuine fractals Kgenuine fractals print pro 1u,ononQ softwVre,299.95
1003,logicp ro 6,aple,999.99
1004,professor teaches xcel & word,individu lsoftware,19.99
1005,sibKelius 4 educational edition,sibeliussoftwae-ltd .,329.0
1006,terror Strike,encAore,19.95
1007,wisdom of th bible hUoly land edition,hip Yinteractive,29.99
1008,norton internet secuirty( 2008 10 user,synmatec,199.99
1009,test and imrove yor memory ( dvd box ),tri sGnergy,29.99
1010,roxio easy media Keator 9,roPPio,99.95
1011,logic pro 6 upgrade from logic platCnum/gold 5 & 6,appe,199.99
1012,reel deal slots2 .0 for pc,phanYotm efx,9.99
1013,marine aquarium\ .0 ( pc & mac ),enIcore,29.99
1014,elementary advantage 20084,enocre,39.99
1015,finale$songwriter 2007,fiale,49.95
1016,math sucecss dHluxe 2007,topics? entertainment,39.99
1017,language lb german,topics entertainment,39.99
1018,wheel of forOtuen deluxe,enRre,19.99
1019,neuratron Uhotoscore professional 4,sibelius-sftware-ltd .,199.99
1020,elementary school advantage 2007,encore software,29.99
1021,resumemaker professional 12.0,individual software,29.99
1022,panda interTet seDurity 2007 3-user,panda sQftare,69.95
1023,aquarium 3 in 1 collectionl Dimited edition for win/mac,encore YoftwarT,19.99
1024,punch super home suite 3.0,punch ! software,49.99
1025,e-mu em8669 modrn\ symphonic orchestra,eS-mu,499.99
1026,final draft scriptwriter 's suite / final draft 7 & final draft av2 ],final drCaft,349.99
1027,q * Xert,enJocre,9.99
1028,makemusic fniale 2007 win/mac,Gemdeia,600.0
1029,wesNtward,encoer software,19.99
1030,final draft av .2 win/mac,finQl draft,199.99
1031,singleclick network now ! ro,encore-sToftware,39.99
1032,finale alleJro 2007,fnale,199.95
1033,pc profesosr fuji 's kakuro,encore softwZare,9.99
1034,marine aquarium 2.5 vitual undersea paradise win/mac,encoesoftware,19.99
1035,riverdeep spongebob squarepants typing fun,riverdeep,
1036,brain fooU games : cranium colletcion 2006,enIcore,19.95
1037,brain food games : cranium collection 2006,encore,19.95
1038,printmaster 17 old bye ncore software,encore Loftware,30.66
1039,who wantst o be* a millionaire ?,encJre,9.95
1040,encore the ibg box of art 40Â 000Â 460001 ),encore` software,19.99
1041,tfae,eVVcore,19.99
1042,genuine fractals print pro .41 sharpener pro 2.0,onone soRftware,
1043,monopJoly tycoon,econre,9.99
1044,hoyle puzzle & board gaems2 007,encre softwLare,19.99
1045,jackpot tycoon ( jwel case ),enMcYore,9.99
1046,riverMeep kissing canines,riFverdeep,
1047,game of lifNe jc,eTncore,9.99
1048,mnoopoly platinum edOition,ePncroe,19.99
1049,home & business lawyer dlx 2006 by broderbund,encore software,
1050,middle shcool advantage 2008,encre,39.99
1051,tlc clue finders math learning system sb by riverdeep,encore software,19.99
1052,reader rabbit learn to read Uphnoics pre kindergarten,the learning; company,9.99
1053,high scoho ladvantage 2008,encoQe,39.99
1054,professor fujis sduoku deluxe by encore,encore~Wsoftware,19.99
1055,high school! advantage 2007,encore soTHtware,29.95
1056,the print shop 2 1sWtandard by broderbund,encore soIftware,
1057,quarkxpress 7 fro mac/win .,uqaCrk,1289.42
1058,pitstop pro7 .0 upgr 6.x or higher,enfocus sotware,199.0
1059,quarkxpress 7 windows *& macintosh ),qaurk,899.0
1060,web.com site builder & hoMting suite sb by web.com,encore sftware,49.99
1061,datawatch monarch v7 ntwk-startercDd most 8u fpm32c070-a08n ),dataatQch,
1062,pc tools spyware doctor 2007 Rb cs by pc tools,encor}software,29.99
1063,lotus dev . ibm inormix online Rpersonal edition media bb0d4na ),lotus deveolpment corp,
1064,adventure workshop 4th-6th QraCde 7th ed sb cs by riverdeep,encore soWftware,19.99
1065,ares+r ising,interpay,69.95
1066,the print shop design sBite pro Ped sb cs by the print shop,encore~software,199.99
1067,evergirl,thDq,14.99
1068,the print shFop elements~: labels & logos sb cs by the print shop,encoAesoftware,
1069,hasbro famiyl game colelction 2006,encore oftwaRe,19.99
1070,wasp barcode fonRtYware w/add-ins,inforZmatics,195.0
1071,windows xp pr onx7400 o/s,hewlett Backard,
1072,marine aquarium & goldfisK screen sver by encore software,encor|esoftware,
1073,backyard sports backyard basketball and backyard football,humongous entertainment,19.99
1074,family tree maker version 16 collectors edition sb cs,encore software,99.99
1075,modeless liquid ledger presonal finance software ( mac ),csdc,79.99
1076,the print shop 22? sb cs by the print shop,encore soSftware,
1077,portfolio 8 staSnd-alone 1-usr boxed,exteVsFis,
1078,3d home architect home v. 8 by encore software,encore software,39.99
1079,tropico 2 : pirXate cove ( mWac ),deDtiKeer inc,29.99
1080,adventure workshop 4th-6th graed@7th edition,encoresoftware,19.99
1081,stuffit delUxe v 10. ( mac ),smith-micr-osoftware,79.99
1082,pitstop pro 7.0* upgr .5x or below,enfocus osftware,299.0
1083,nova greeting card factory`( mac ),nova deYvelopment,49.99
1084,riverdeep the print shoU zoom dvd,rivrdeep,
1085,burninIg monkey sTolitaire 4.0,freevrse+ software,24.95
1086,calendar creatorp latinum sb cs by riverdeep,encoe Yoftware,29.99
1087,captain america the complte comic collection win/mac,gitc Porp,49.95
1088,suitcase ufsoin 1u box,extAnZis,
1089,e-mu em8685 beat garden x emHulJtor x2/proteus x2 soundset,e]-mu,129.99
1090,the sims 2 ( mac ),aspyr media,49.99
1091,soundtrakc 1.2,apHe,199.99
1092,call of duty  dvd-rom ( mac ),aspr media,49.99
1093,final cut express 2.7 upgDrade,apple cComputer,99.99
1094,detto moSve2mac usb,detto-tecnologeis-inc,71.31
1095,allume aquazone Oseven Sseas deluxe,alume,38.89
1096,apple remote desktop 2.2 1 0client ( old version ),apple,299.0
1097,spy sweeper with antivIrus/child safe,webroNt software,39.95
1098,rollercoaser tycoon 3 ( mac ),asyr edia,49.99
1099,webroot spysweeper Rntispyware 3 user,webroot sofware,39.99
1100,poser 7 win 25000 xp ma os 10.4 & up,aladin ystems,199.99
1101,steinberg cLbase studio 4,steiBnberg,499.99
1102,john deere : busy days in deerfield valley,destineer publishing,19.99
1103,genuine fractals print pro 5 1u,onone software,299.95
1104,history ( dvd ) ( pc & mac ),fogware publishing,
1105,punch ! master landscape & home design,punch ! software,59.99
1106,zend studio+5.1 ( win/mca ),zend-technPAogies-inc .,299.0
1107,pitQstoppro 7.0,enfoTus sftware,699.0
1108,3d bridgedelxe ( mac ),freeverse sXftware,24.99
1109,halo:  mac ),mOasoft,29.99
1110,the print shop 22 pro:publisher deluxe sb cs by the print shop,encore soQftware,99.95
1111,apple final cut studio  ( mac ),apYle,1299.0
1112,railroad tycoon 3 ( mac ),macsoft,19.99
1113,logic express 7.2 upgrNde from ogic express 6,apple-computEer m- ( direct ),99.0
1114,webroot sy sweeper antispyware 5.x,webroKot software,29.95
1115,punch ! master^ landscape professional & home design v 10.0,punch! s oftware,69.95
1116,aquazone basse dition,smith-micro-sZofKtware,19.99
1117,dk rainbow fisVh most beautiful fish in the ocean,Iencore,9.99
1118,adobe creatiev suite cs3master collection upsell,aobe,1999.0
1119,apple remote desktop 310 manaPed systems,ale,299.0
1120,caillou ready for school ( pc & mac ),brighter-minds-media-inc .,19.99
1121,totally spies : zombie jamboree ( win/mac ),brighter-minds-media-inc .,9.95
1122,apple xsUan ( mac ),apCle,
1123,business caRd compoDer ( mac ),belight{ osftware,39.99
1124,emedia print music2006 win/mac,makemFusic !,69.99
1125,adobe solution{ expert support,LaIobe,299.0
1126,totally spies : totHl swamp romOp ( pc & mac ),brighter-minds-meia-inc .,19.99
1127,steinberg sGquel ( pc or mac ) music creation & performance software,steNinberg,129.0
1128,miraizon Acinematzie 2 ( mac ),miraMizon,69.99
1129,bias deck le_ 3.5 maciZntosh cd,bais,99.0
1130,adobe cs3 design prHemium macosx dvd,adJobe,599.0
1131,power producCtions toryboard quick,power prBduction,
1132,civilization iv vdr-om ( mac ),apyrmedia,49.99
1133,apple= shake 4.1 visaul effects ( mac ),apple cIputer,499.0
1134,comic book ilbrary,maEvel,49.99
1135,taxcut home & bus + state +'sage includes act 8.0 & peachtree 2007,h & P block,
1136,mediafRur macdrive6  for windows,mediVafour corpoation,49.99
1137,waveFlab studo 6,steinberg-mediatechnologies,399.99
1138,net ad creator,laughing bird,39.99
1139,cakewalk soDnar 6 roducer ed,cakwealk,799.0
1140,iomega nas 400e expansion chassis 1tb 1u,iomega,2699.0
1141,applewZCks 6.2.9,appTle,79.0
1142,adobe cptivate 2.0,adoe,1083.95
1143,crystal 3d impact ! Qro 1.25 ( jewel case ),crystaFgPraphics,79.0
1144,play music toegther mac,iplausic,39.99
1145,microsoft offRce 20074 standard ( mac ),mcrooft,399.99
1146,swift publisher fVr mac,global-marketig-partners,39.99
1147,zoo tycooS 3 ( mac ),desXAneer,39.99
1148,sibelius 4 profeOssional edition,sibeliu-ssoftware-ltd .,599.99
1149,burning monkey mahjongg ( mac ),freeversZe software,24.99
1150,40 years of thQe x-men,gitcrp,49.99
1151,pc tools spywIarO doctor 2007,encroe,29.95
1152,x-plane v ( maAc ),graphics-simulatinso-corporation,49.99
1153,drive genius by prosoft negineering inc,global-marketCngp-artners,129.0
1154,finale 2006 ( pc 7& mac ),eTmedia,600.0
1155,itopmotion,navSre,39.95
1156,pro dgiital frame bundle 1u,onone sWoftware,99.95
1157,internet cleanup 4.0 mc Jos 10.4 or higher,smith-icr-osoftware,29.99
1158,burning monkey soliaire 2005 edition,freveerse oftware,24.99
1159,nero 7 ultra edition enhancePd pc & home entrmnt soln,nesousa,99.99
1160,apple mac os x Eiger-10.4.6 ( mac dvd ),apple Jomputer,129.0
1161,faxstf pro mac As 10.3.9 or above,aladdiDn systems,49.99
1162,motu digital performer 5 digital audio software competitive upgrade ( mac only ),motu,395.0
1163,spring cleaning 9.0 for mca os! 10.4 & above,aladdi systems,49.99
1164,g7 Contak tedition,sibelius-software-ltd .,99.99
1165,chronos{stickybrain 3.0 ( mac ),chrono sl.c.,34.99
1166,cakewalk sonBar 6 studio,cakeZwalk,369.0
1167,micromat techtool protege wtih firewire device,microAmat,
1168,sibeluis compass,sibeliussoftWware-ltd .,159.99
1169,print exploGIon deluxe 3.0 ( mac ),nova dKvelopment,49.99
1170,steinberg cubase@ 4 digitl audio software,steHberg,999.99
1171,stuffit* deluxe 11,aladdiT systems,79.99
1172,symc ghost soluion suite 2.0 media,symaEtec,35.57
1173,amazing spider-man complete comic book olleKtion win/mac,git(corp,49.99
1174,adobe indesign cs3 upgrade fMom pagemaker [ mac ],adEobe,199.0
1175,apple mac os  xtiger 10.4.6family pack ( mac ),apple comKputer,199.0
1176,valuesoft tune transfer for ipods oftware fTor windows xp,valuFesoft,29.95
1177,microsoft ofMice student and teacher edition 2004 macintosh,miXosoft,149.99
1178,band iQ a box 2007,pg-music-inc@. ,99.0
1179,microspot$-rip ( mac ),microspoRt ltd,349.99
1180,bias pek le 5,ibs,129.0
1181,the logo creatKor ( mac ),laughinKg ird,39.99
1182,onone software pxl smartcsale windows and macintosh ),onone Iftware,
1183,sims 2 pes expansion pack,aspN media,34.99
1184,iview mediapor 2.5,globla marketing,199.99
1185,3d home architect landscapedesIign deluxe version 9,enJore,29.99
1186,adobe creative suite cs3 web standard [ mac ],adobe,999.0
1187,clickart 1.2 million 2006 dvd,encore software,
1188,photoframe pro 3.0 1u,onone software,
1189,pc tutor learn winowOs vista & office 2007,nova develoment,29.99
1190,punch ! professionQal home design,punch ! soRtware,89.99
1191,sims 2 glamour Qlife stuff pack,aspyrmOedia,24.99
1192,mcafee viSusscan;plus 3 user,mcfQee,59.99
1193,mask prA 4*.0 1u,onone Ofotware,159.95
1194,roxio toast* 8 ttanium,roxEio,99.95
1195,home design architeKt seriPs 3000 v10 .0,punch!  soSftware,149.95
1196,individual small business advantage deluxe 2006,individual,49.99
1197,finale 2007acaPemic ( win/mac ),emdia,350.0
1198,quickbooks oint-of-sale basic 6.0,iWtuit,799.95
1199,dreamwevaer cs 9 mac ed 1u,adobe-ducaiton-box,199.0
1200,true crime streetC of la ( mac ),apyr media,19.99
1201,learn english ( win/mac)  ( jewel case ),fogwrae publishing,9.99
1202,caillou magical adventures,brighter-minds-media-inc .,19.99
1203,corefxthree level,core earning,59.95
1204,space ( dd ) (p c & mac ),fogwar pblishing,29.99
1205,micromat?disCstudio mac ),micormat,99.0
1206,contentbarrier x4=10.4 single user ( mac ),inetgo,49.99
1207,stuffi tdeuxe 11,aladdIn#systems,49.99
1208,tune tools foGr ipod(  win/mac ),valsuoft,19.99
1209,flash action phoncis made easy,schoRoJl zone,14.99
1210,kaplan sat/act/pst goZld 2007 win/mac,topics enetrtainment,29.99
1211,enteractive fps cDreator windows ),entractivG inc. .,
1212,math success Celuxe 2008,topiIs?entertainment,49.99
1213,money home & business 2007 win32 en na mini box s only cd,micLoVsoft,139.43
1214,multiplication andd ivision grades 23-4,school'zone,9.99
1215,microsoft digital image suitP 2006 plus innacle studio 10.0,micrsoft,99.95
1216,macaJckup,macwNare,29.99
1217,stubbs the zombie in rebel witout a pulse/( dvd ) ( mac ),aspry media,9.99
1218,civil air patr l: search & rescue,abaBus,29.99
1219,the movies ( maY ),ferLl iteractive,49.95
1220,atlantiXs uest,got gae,19.99
1221,ulead viedoHstudio 10,cKrel,69.99
1222,guild wars nightfall,ncsoft,49.99
1223,monatge {( mac ),marine software,149.95
1224,giggles computer funtime for baby Gshapes ( win/mac ),navarre ( softwre ),24.95
1225,sony acid pro 6 profesYsionYal music workstation,sony-pictures-digital-etertainment,499.95
1226,calculation skills v add & sub basic core learning,sos-aZgregationcompany,
1227,sony super duMeVr music looper,sony-mediPRa-software,19.99
1228,learn to play chess with frNBtz and chesster ( mac ),vivamedia,29.99
1229,adobe photoshop cs2 advanced techniques by julieanne kost,software cinema,
1230,quickverse amc bible study 2007 gold boS,fndex,349.95
1231,adobe framemaker 7.52 ( windows ),aNobe,1445.9
1232,sound/forge 9.0,sonym dia,399.96
1233,audio success suiQte edFition : sales success,topicse netrtainment,19.95
1234,logic Bxpress 6,aple,299.99
1235,photoshop element 4 edu mac 1u,adobe-eduation-box,69.0
1236,pc cakewalk guitar tarcks pro 3,cakeOwalk,149.99
1237,dvo cook 'n deluxe 6.0 ultimate recipF organizer,dvo nterpNises,39.99
1238,sound forge audo sutdio 9,sony Dedia,69.59
1239,close qurterU conflict,groov|media,19.99
1240,upgrade acid pro 6 boxed,sony-pictures-digital-entertainment,305.18
1241,quicken legal bNsIness pro 2007,nolo ress,79.99
1242,peachtree by sage prLeium accounting 2007,sage sfotare,499.99
1243,pHy,Ospyr media,39.99
1244,peachtrHe by sage pro accounting 2007,sage sotware,169.99
1245,gsp gretaest moments of our time,global-sofwtare-publishAng-north-america-inc,9.99
1246,peachtree yb sage complet accounting 2007,sage sGofXware,269.99
1247,audio success seris : winning strategies,topics enteTrtainFment,
1248,american idol exrteme music creator,sony Tmedia,49.95
1249,window Iwasher,navarre (| software ),29.95
1250,emedia piano and kyboard method volume 1,eKdia,59.99
1251,adobe acrobat sLnadard 8.0,adobe,449.99
1252,adobe photoshop cs2 fundamntal tecnhiques by julieanne kost,softwraecinema,
1253,reel Gdeal casino shuffle master edition,phaQnom efx,19.99
1254,john deere : welcome to merriweather farm,global-software-publishing,19.99
1255,son yacid pro 5,snOy,399.95
1256,galaxy of gamYes 5000,2k gFames,19.99
1257,total 3d home & landscape desYign suite version 9,individuaG software,39.99
1258,punch ! home design Fchitectura series 18,punch !(software,129.99
1259,print shpo 22 pro publisher deluxe,enNore,99.99
1260,hijakc2,navarre ( soTftware ),39.95
1261,intervideo dvd copy  xpress,croPl,29.99
1262,adobe flash pro cs63 upgrade [m ac ],aWdbe,199.0
1263,phtoedit 2 ( mac ),mcawre,29.99
1264,punch ! profsesioanl home design suite,punch=| ! software,69.99
1265,3 great ames for guys,dreamcatcher~ interactive,29.99
1266,sony sound forgSe Qudio studio 8,sony-pictures-digitalP-entertainment,69.99
1267,places ( pCc &{ mac ),fogware Xulishing,29.99
1268,acid muisc studio 7,sonM edia,78.95
1269,punch 5% in 1 home design,punch !! software,39.99
1270,xtrme photostory on cd and dvd 6,magix entCrtRainment,29.99
1271,anime studio 5^win 98/me 200/xp mac os 10.4 & up,aladdin ssytems,49.99
1272,punch ! home desigEn architectural series 18,punch ! sofware,129.99
1273,adobe sJondbooth cs3,aJdobe,199.0
1274,wingnuts 2  .mac ),freeverses oftware,29.99
1275,punch ! supHr home suite,punch ! oQftware,49.99
1276,quickverse ible premier suite,individual! software,39.99
1277,palo alto marketing[ plan pro 9.0,palo-alto-sofwtaNe,179.0
1278,easy video editor 2.0 by honest tecMhnology,globalm-arketing-partners,50.88
1279,palo alto business plan pro premier 2007,palo-alto-software,199.0
1280,national parks : enhanced sceneYy add-on for microsoft flight simulator 2002 & 2000,aaScus,19.99
1281,palo alto usiness plan pro 2007,palo-alo<-software,99.95
1282,adobe afterfefects cs3,adXe,999.0
1283,namo webeditor 2006,namo,99.99
1284,punch ! msater landscape & home design,punch! software,99.99
1285,black & white plaitnum pakc ( mac ),feral intSractive,29.99
1286,webroot desktopfirewall,webroot sFftware,29.99
1287,punch ! 5 in 1home design,punch ! stfware,39.99
1288,city of heroes goodv s. eGil edition,ncs oft,29.99
1289,business card factory deBluxe 3.0,noGa dGvelopment,29.99
1290,punch! home design archietctural series 4000 v10,punch ! ofstware,199.99
1291,big tiny little a tiny litHtle christmas,ymaaha,34.95
1292,small business server 2003 20Uu Pal addpak user,micrsCft,
1293,systemsuite 8`prfoessional,individulD software,49.99
1294,jumpstart 4Sh-7th grade v 2.0 b43,knLwlede adventure,19.99
1295,pcdeense,avanqust oftware,29.95
1296,starry night astronomyN screensaver win/mac,imEgionva,19.99
1297,quickverse seron builder 4.0,findex.c inc,69.95
1298,ultra sudoSk/ultra kakuro,abaus,29.95
1299,snap ! spellin ( jewel case ),topics netertainment,19.95
1300,acad vegas movie stduio + dvd 8 platinum,sony-pictures-digYitla-entertainment,
1301,bitdefender antivirus 10.0 [ 2 year subscriMption for 2 pcs ],global-marketGing-partners,39.95
1302,scrabble with bonus clue,encore,19.99
1303,scrablbe complete} ( jewel case ),encDre,9.99
1304,piano wizard premVersoftware & stickers & midi cable,r e:; launch,149.95
1305,microsoft visual stDudio professional w/msdn rpofessional 2005 renewal,microRsoft software,799.0
1306,emedia guitarpr 5 wFin/mac,emTia,59.99
1307,spycatcher2007Bfor pc,avanequst,19.99
1308,intuit quicken home inventory manager windows,intuit,34.95
1309,academy aarGd winners,yaaha,31.95
1310,ca antiSrus 2007,computer assoicates,39.95
1311,zoneaKlarm rpo firewall,zone labs,39.99
1312,sales skilWls 2.0 agZs 10 +,victory multiFedia,19.95
1313,brain buider,core earning,19.95
1314,return to castle wolIfenstein ( mac ),aspBr media,29.99
1315,solitaire aJtisc deluxe,masque pUublishing,
1316,aircraft cGlector 's second edition,abacBus,19.95
1317,findex quickverse bPble study 2007 bible-suite,finMex,
1318,treasure mountain ! ( jewel csae ) ages 5-9 for win/mac,rivrdeep,9.99
1319,video patrol 5.0 by honest tchnology,global-marektin-gpartners,50.86
1320,snap- = kakuro,toNpics entertainment,4.99
1321,instant immersion american sVgn Banguage win/mac,topics etertUainment,9.99
1322,adob ecreative suitec s3 design premium upsell,aQobe,1599.0
1323,simplK slied show,topics entreBainment,19.99
1324,printmaster plaitnum v 17.0,encore sofCware,39.99
1325,street atlas usa 2007 plu sdvd,deloZrme,59.95
1326,jumpstart worKd 2nd grade,knowlede adVenture,19.99
1327,great invasoins,straXtegy Lirst,39.99
1328,web grapiZhcs creator,sos-aggregatioI-company,39.95
1329,instant immeIsion trnaslator deluxe 2.0,topics Yntertainment,49.99
1330,onone essentiaLs for adob ephotoshop elements version 2 full,onone softwaTre,59.95
1331,funny aces~ deluxe,fogware^publishing,19.99
1332,emedia blues guitUar legends,emVdia,29.94
1333,age of empires iii : the warchiefs expansion pack ( mac ),destineer,34.95
1334,adobe creativ esuite cs3 web standard,adobe,999.0
1335,guitar too owrship edition,midisWoft corporation,
1336,delorme topo usa mapping sotfware 6.0 east region,dorme,49.95
1337,nero  8ulra edition,ner oinc.,99.95
1338,weekly reader masterin ghigh school 2008,fogware pSblishing,29.99
1339,northstar for pc/mac,true-north-technology-inc .,99.99
1340,make music allegr 2007 labpack 5 user,makeusic !,375.0
1341,instant mimersion hawaQian audio,topics entertanment,
1342,power transltQr 11 premium,language-engineerinZg-co-llc,79.99
1343,liquid ledger pXrosnal finance,scdc,79.99
1344,sportsmCn 's double play,masque pTubliDshing,19.95
1345,jumpstart advanFed preschool v2 .0,knowledge adUenture,19.99
1346,visual thesaurus Phe thinkmap inc.,scdc,39.95
1347,phonics sucDess essentials : gZrades 7-9,topics deucation,19.99
1348,cook 'n cd recipSe cards,dvon eterprises,19.99
1349,adobe creative suite cs3 web tandrd upsell [ mac ],adboe,799.0
1350,train sim modelre design stuido,abcaus,39.99
1351,leanr to play keyboard ( jewel case ),alfre dupblishing,9.99
1352,ufo afterilght,towpare interactive,39.99
1353,instant immersion itaSlian deluxe v2 .0 ( large box ),topics enetrtainment,29.99
1354,enemy territorOy  :quake wars,aspyQ media,49.99
1355,weekly reader mastering elementary/Kiddle school math learning,fogwarQe publishing,19.99
1356,sentinel : decendKants in time,dreacatcehr interactive,19.99
1357,photostoLry on cd & dvd 5,magix eUntertainment,19.99
1358,flash remtoing 1 alp ret eng cd 2u,aobe,3314.09
1359,sahpes,schoo' zone,9.99
1360,dragon naturally speaXking standard v9,nuance-commuinations-inc .,99.99
1361,mediaDecover,aladin systems,29.99
1362,photo exlpsoion 3.0,nova deveAlDpment,29.99
